{"stats":{"minecraft:picked_up":{"minecraft:sand":12,"fire_mod:fire_tree_leaves":44,"minecraft:soul_torch":2,"minecraft:ink_sac":4,"minecraft:gunpowder":1,"minecraft:arrow":6,"minecraft:bone":3,"minecraft:rotten_flesh":6,"minecraft:bow":1,"fire_mod:fire":3},"minecraft:mined":{"minecraft:grass":1},"minecraft:killed":{"minecraft:skeleton":7,"minecraft:piglin":2,"minecraft:zombie":8,"minecraft:witch":1,"minecraft:squid":2,"minecraft:creeper":2},"minecraft:custom":{"minecraft:time_since_rest":58694,"minecraft:interact_with_furnace":1,"minecraft:sprint_one_cm":19823,"minecraft:damage_taken":206,"minecraft:walk_one_cm":30303,"minecraft:interact_with_anvil":2,"minecraft:mob_kills":25,"minecraft:drop":100,"minecraft:damage_dealt":4161,"minecraft:swim_one_cm":6838,"minecraft:interact_with_crafting_table":4,"minecraft:fly_one_cm":190732,"minecraft:crouch_one_cm":648,"minecraft:play_one_minute":58694,"minecraft:sneak_time":1305,"minecraft:walk_under_water_one_cm":7984,"minecraft:jump":150,"minecraft:leave_game":1,"minecraft:walk_on_water_one_cm":1723,"minecraft:time_since_death":58694,"minecraft:fall_one_cm":335},"minecraft:dropped":{"minecraft:water_bucket":1,"minecraft:furnace":1,"minecraft:redstone_ore":1,"fire_mod:fire_armor_armor_boots":2,"fire_mod:fire":16,"fire_mod:fire_armor_armor_leggings":4,"minecraft:piglin_spawn_egg":1,"minecraft:tnt":1,"fire_mod:fire_gem_liquid_bucket":1,"minecraft:crafting_table":1,"fire_mod:fire_armor_armor_chestplate":1,"fire_mod:fire_block_portal":2,"minecraft:sand":1,"fire_mod:fire_block":63,"minecraft:netherrack":1,"minecraft:flint_and_steel":1,"fire_mod:fire_armor_armor_helmet":2},"minecraft:crafted":{"fire_mod:fire_block_portal":1,"fire_mod:fire_armor_armor_leggings":4,"fire_mod:fire_armor_armor_chestplate":1,"fire_mod:fire_armor_armor_helmet":2,"fire_mod:fire_armor_armor_boots":2,"fire_mod:fire":3},"minecraft:used":{"fire_mod:fire_blast_sword":50,"minecraft:water_bucket":30,"minecraft:redstone_ore":13,"minecraft:netherrack":3,"minecraft:anvil":1,"minecraft:sand":69,"minecraft:tnt":59,"minecraft:crafting_table":2,"minecraft:furnace":1,"fire_mod:fire_dimention":17,"fire_mod:fire_tree_leaves":1,"minecraft:piglin_spawn_egg":104,"fire_mod:fire_gem_liquid_bucket":305,"fire_mod:fire_block_portal":101,"minecraft:soul_torch":38}},"DataVersion":2586}