{"stats":{"minecraft:used":{"minecraft:item_frame":6,"flare_gun_mod:fire_tree_stairs":1,"flare_gun_mod:fire_block":8,"flare_gun_mod:fire_tree_fence_gate":1,"flare_gun_mod:fire_tree_wood":1,"flare_gun_mod:fire_blast_sword":15,"flare_gun_mod:fire_tree_leaves":1,"flare_gun_mod:fire_tree_slab":3,"flare_gun_mod:fire_tree_planks":1,"minecraft:villager_spawn_egg":1,"flare_gun_mod:fire_tree_fence":9,"flare_gun_mod:fire_ore":3,"flare_gun_mod:fire_tree_button":1,"flare_gun_mod:fire_tree_log":1},"minecraft:custom":{"minecraft:jump":3,"minecraft:time_since_rest":4447,"minecraft:leave_game":1,"minecraft:damage_dealt":146,"minecraft:play_one_minute":4447,"minecraft:time_since_death":4447,"minecraft:walk_one_cm":1091,"minecraft:sneak_time":19,"minecraft:fly_one_cm":439}},"DataVersion":2586}