{"stats":{"minecraft:picked_up":{"minecraft:poppy":1,"minecraft:cobblestone":14},"minecraft:custom":{"minecraft:jump":31,"minecraft:time_since_rest":8181,"minecraft:damage_dealt":99,"minecraft:play_one_minute":8181,"minecraft:crouch_one_cm":16,"minecraft:leave_game":2,"minecraft:sprint_one_cm":11687,"minecraft:damage_taken":60,"minecraft:time_since_death":8181,"minecraft:walk_one_cm":12304,"minecraft:sneak_time":153,"minecraft:mob_kills":1,"minecraft:drop":2,"minecraft:fly_one_cm":28765},"minecraft:killed":{"fire_mod:liono_tv":1},"minecraft:mined":{"minecraft:stone":14},"minecraft:used":{"minecraft:redstone":3,"fire_mod:liono_tv_spawn_egg":2,"minecraft:grass_block":3}},"DataVersion":2586}