{"stats":{"minecraft:crafted":{"flare_gun_mod:fire_tree_planks":32},"minecraft:used":{"flare_gun_mod:fire_blast_shovel":68,"minecraft:potion":1,"minecraft:grass_block":5,"flare_gun_mod:fire_blast_pickaxe":17,"flare_gun_mod:fire_blast_axe":9,"flare_gun_mod:fire_blast_sword":5,"flare_gun_mod:fire_tree_leaves":1,"minecraft:zombie_spawn_egg":2,"flare_gun_mod:fire_tree_planks":1},"minecraft:custom":{"minecraft:time_since_rest":6113,"minecraft:play_one_minute":6113,"minecraft:crouch_one_cm":112,"minecraft:sprint_one_cm":11289,"minecraft:damage_taken":30,"minecraft:walk_one_cm":10745,"minecraft:sneak_time":96,"minecraft:walk_under_water_one_cm":555,"minecraft:mob_kills":2,"minecraft:drop":10,"minecraft:jump":44,"minecraft:damage_dealt":386,"minecraft:leave_game":1,"minecraft:walk_on_water_one_cm":912,"minecraft:time_since_death":6113,"minecraft:fall_one_cm":209,"minecraft:fly_one_cm":9107},"minecraft:mined":{"flare_gun_mod:fire_tree_planks":1,"minecraft:grass_block":5,"minecraft:sand":9,"minecraft:dirt":54,"minecraft:iron_ore":1,"flare_gun_mod:fire_tree_log":8,"minecraft:stone":16},"minecraft:picked_up":{"flare_gun_mod:fire_tree_log":8,"flare_gun_mod:fire_tree_planks":1,"flare_gun_mod:fire_tree_leaves":48,"minecraft:dirt":57,"minecraft:cobblestone":10},"minecraft:dropped":{"minecraft:glass_bottle":1,"flare_gun_mod:fire_tree_leaves":9},"minecraft:killed":{"minecraft:zombie":1}},"DataVersion":2586}