{
  "_fv": 24,
  "_type": "tool",
  "definition": {
    "renderType": 0,
    "texture": "fireblast_shovel",
    "customModelName": "Normal",
    "name": "FireBlast Shovel",
    "specialInfo": [],
    "creativeTab": {
      "value": "CUSTOM:FireModTab"
    },
    "toolType": "Spade",
    "harvestLevel": 5,
    "efficiency": 15.0,
    "attackSpeed": 5.0,
    "enchantability": 100,
    "damageVsEntity": 15.0,
    "usageCount": 8560,
    "blocksAffected": [],
    "hasGlow": false,
    "repairItems": [
      {
        "value": "CUSTOM:Fire"
      }
    ],
    "immuneToFire": true,
    "stayInGridWhenCrafting": false,
    "damageOnCrafting": false
  }
}