{
  "_fv": 24,
  "_type": "tool",
  "definition": {
    "renderType": 0,
    "texture": "fireblast_axe",
    "customModelName": "Normal",
    "name": "FireBlast Axe",
    "specialInfo": [],
    "creativeTab": {
      "value": "CUSTOM:FireModTab"
    },
    "toolType": "Axe",
    "harvestLevel": 5,
    "efficiency": 12.0,
    "attackSpeed": 20.0,
    "enchantability": 100,
    "damageVsEntity": 15.0,
    "usageCount": 2700,
    "blocksAffected": [],
    "hasGlow": false,
    "repairItems": [
      {
        "value": "CUSTOM:Fire"
      }
    ],
    "immuneToFire": true,
    "stayInGridWhenCrafting": false,
    "damageOnCrafting": false
  }
}