{
  "_fv": 24,
  "_type": "armor",
  "definition": {
    "enableHelmet": true,
    "textureHelmet": "fire_armor_head",
    "enableBody": true,
    "textureBody": "fire_armor_body",
    "enableLeggings": true,
    "textureLeggings": "fire_armor_leggings",
    "enableBoots": true,
    "textureBoots": "fire_armor_boots",
    "onHelmetTick": {
      "name": "FireArmorArmorAlTenerPuestoElCasco"
    },
    "onBodyTick": {
      "name": "FireArmorArmorAlTenerPuestoElCasco"
    },
    "onLeggingsTick": {
      "name": "FireArmorArmorAlTenerPuestoElCasco"
    },
    "onBootsTick": {
      "name": "FireArmorArmorAlTenerPuestoElCasco"
    },
    "creativeTab": {
      "value": "CUSTOM:FireModTab"
    },
    "armorTextureFile": "fire_armor",
    "helmetName": "Fire_Armor Helmet",
    "bodyName": "Fire_Armor Chestplate",
    "leggingsName": "Fire_Armor Leggings",
    "bootsName": "Fire_Armor Boots",
    "helmetSpecialInfo": [],
    "bodySpecialInfo": [],
    "leggingsSpecialInfo": [],
    "bootsSpecialInfo": [],
    "helmetModelName": "Default",
    "helmetModelPart": "Helmet",
    "helmetModelTexture": "From armor",
    "bodyModelName": "Default",
    "bodyModelPart": "Body",
    "armsModelPartL": "Arms L",
    "armsModelPartR": "Arms R",
    "bodyModelTexture": "From armor",
    "leggingsModelName": "Default",
    "leggingsModelPartL": "Leggings L",
    "leggingsModelPartR": "Leggings R",
    "leggingsModelTexture": "From armor",
    "bootsModelName": "Default",
    "bootsModelPartL": "Boots L",
    "bootsModelPartR": "Boots R",
    "bootsModelTexture": "From armor",
    "helmetImmuneToFire": false,
    "bodyImmuneToFire": false,
    "leggingsImmuneToFire": false,
    "bootsImmuneToFire": false,
    "maxDamage": 75,
    "damageValueHelmet": 50,
    "damageValueBody": 50,
    "damageValueLeggings": 50,
    "damageValueBoots": 50,
    "enchantability": 45,
    "toughness": 7.0,
    "knockbackResistance": 3.0,
    "equipSound": {
      "value": ""
    },
    "repairItems": [
      {
        "value": "CUSTOM:Fire"
      }
    ]
  }
}