{
  "_fv": 24,
  "_type": "recipe",
  "definition": {
    "recipeType": "Crafting",
    "xpReward": 0.0,
    "cookingTime": 200,
    "recipeRetstackSize": 1,
    "group": "",
    "recipeShapeless": false,
    "recipeSlots": [
      {
        "value": "CUSTOM:Fire"
      },
      {
        "value": "CUSTOM:Fire"
      },
      {
        "value": "CUSTOM:Fire"
      },
      {
        "value": ""
      },
      {
        "value": "CUSTOM:FireStick"
      },
      {
        "value": ""
      },
      {
        "value": ""
      },
      {
        "value": "CUSTOM:FireStick"
      },
      {
        "value": ""
      }
    ],
    "recipeReturnStack": {
      "value": "CUSTOM:FireBlastPickaxe"
    },
    "name": "fire_blast_pickaxe_recipe",
    "namespace": "mod"
  }
}