{
  "_fv": 24,
  "_type": "recipe",
  "definition": {
    "recipeType": "Crafting",
    "xpReward": 0.0,
    "cookingTime": 200,
    "recipeRetstackSize": 2,
    "group": "fire_gem",
    "recipeShapeless": false,
    "recipeSlots": [
      {
        "value": ""
      },
      {
        "value": "Blocks.MAGMA"
      },
      {
        "value": ""
      },
      {
        "value": "Blocks.MAGMA"
      },
      {
        "value": "Items.DIAMOND"
      },
      {
        "value": "Items.REDSTONE"
      },
      {
        "value": ""
      },
      {
        "value": "Items.FLINT_AND_STEEL"
      },
      {
        "value": ""
      }
    ],
    "recipeReturnStack": {
      "value": "CUSTOM:Fire"
    },
    "name": "fire_gem_crafting",
    "namespace": "mod"
  }
}