{
  "_fv": 24,
  "_type": "tool",
  "definition": {
    "renderType": 0,
    "texture": "fireblast_pickaxe",
    "customModelName": "Normal",
    "name": "FireBlast Pickaxe",
    "specialInfo": [],
    "creativeTab": {
      "value": "CUSTOM:FireModTab"
    },
    "toolType": "Pickaxe",
    "harvestLevel": 5,
    "efficiency": 18.0,
    "attackSpeed": 10.0,
    "enchantability": 100,
    "damageVsEntity": 12.0,
    "usageCount": 8850,
    "blocksAffected": [],
    "hasGlow": false,
    "repairItems": [
      {
        "value": "CUSTOM:Fire"
      }
    ],
    "immuneToFire": true,
    "stayInGridWhenCrafting": false,
    "damageOnCrafting": false
  }
}