{
  "_fv": 24,
  "_type": "fluid",
  "definition": {
    "name": "Fire Gem Liquid",
    "bucketName": "Fire Gem Liquid Bucket",
    "textureStill": "firegemliquid_static_texture",
    "textureFlowing": "firegem_moving_liquid",
    "tintType": "No tint",
    "canMultiply": false,
    "flowRate": 5,
    "levelDecrease": 1,
    "slopeFindDistance": 4,
    "spawnParticles": true,
    "dripParticle": {
      "value": "EXPLOSION_NORMAL"
    },
    "flowStrength": 1.0,
    "luminosity": 1,
    "density": 4000,
    "viscosity": 5000,
    "isGas": false,
    "temperature": 14000,
    "type": "LAVA",
    "generateBucket": true,
    "textureBucket": "firegemfluidbucket",
    "creativeTab": {
      "value": "CUSTOM:FireModTab"
    },
    "emptySound": {
      "value": ""
    },
    "rarity": "RARE",
    "specialInfo": [],
    "resistance": 100.0,
    "luminance": 2,
    "lightOpacity": 1,
    "emissiveRendering": true,
    "tickRate": 10,
    "flammability": 21,
    "fireSpreadSpeed": 6,
    "colorOnMap": "RED",
    "frequencyOnChunks": 20,
    "spawnWorldTypes": [
      "Surface"
    ],
    "restrictionBiomes": [
      {
        "value": "CUSTOM:FireBiome"
      }
    ]
  }
}