{
  "_fv": 24,
  "_type": "tool",
  "definition": {
    "renderType": 0,
    "texture": "fireblast_hoe",
    "customModelName": "Normal",
    "name": "FireBlast Hoe",
    "specialInfo": [],
    "creativeTab": {
      "value": "CUSTOM:FireModTab"
    },
    "toolType": "Hoe",
    "harvestLevel": 5,
    "efficiency": 12.0,
    "attackSpeed": 17.0,
    "enchantability": 20,
    "damageVsEntity": 30.0,
    "usageCount": 8000,
    "blocksAffected": [],
    "hasGlow": false,
    "repairItems": [
      {
        "value": "CUSTOM:Fire"
      }
    ],
    "immuneToFire": true,
    "stayInGridWhenCrafting": false,
    "damageOnCrafting": false
  }
}