{
  "_fv": 24,
  "_type": "biome",
  "definition": {
    "name": "Fire Biome",
    "groundBlock": {
      "value": "Blocks.GRASS"
    },
    "undergroundBlock": {
      "value": "Blocks.DIRT#0"
    },
    "airColor": {
      "value": -12359019,
      "falpha": 0.0
    },
    "grassColor": {
      "value": -4038094,
      "falpha": 0.0
    },
    "foliageColor": {
      "value": -6046357,
      "falpha": 0.0
    },
    "waterColor": {
      "value": -13285996,
      "falpha": 0.0
    },
    "waterFogColor": {
      "value": -14471321,
      "falpha": 0.0
    },
    "ambientSound": {
      "value": ""
    },
    "additionsSound": {
      "value": ""
    },
    "music": {
      "value": ""
    },
    "moodSound": {
      "value": ""
    },
    "moodSoundDelay": 6000,
    "spawnParticles": true,
    "particleToSpawn": {
      "value": "FLAME"
    },
    "particlesProbability": 4.0,
    "biomeCategory": "TAIGA",
    "parent": {
      "value": "No parent"
    },
    "rainingPossibility": 0.5,
    "temperature": 1.4,
    "baseHeight": 0.5,
    "heightVariation": 0.2,
    "biomeType": "DESERT",
    "spawnBiome": true,
    "biomeWeight": 6,
    "biomeDictionaryTypes": [],
    "grassPerChunk": 4,
    "seagrassPerChunk": 0,
    "flowersPerChunk": 4,
    "mushroomsPerChunk": 0,
    "bigMushroomsChunk": 0,
    "sandPatchesPerChunk": 0,
    "gravelPatchesPerChunk": 0,
    "reedsPerChunk": 0,
    "cactiPerChunk": 0,
    "treesPerChunk": 1,
    "vanillaTreeType": "Default",
    "treeType": 1,
    "minHeight": 7,
    "treeStem": {
      "value": "CUSTOM:Fire_TreeLog"
    },
    "treeBranch": {
      "value": "CUSTOM:Fire_TreeLeaves"
    },
    "treeVines": {
      "value": ""
    },
    "treeFruits": {
      "value": ""
    },
    "spawnStronghold": true,
    "spawnMineshaft": true,
    "spawnMineshaftMesa": false,
    "spawnPillagerOutpost": false,
    "villageType": "none",
    "spawnWoodlandMansion": false,
    "spawnJungleTemple": false,
    "spawnDesertPyramid": false,
    "spawnSwampHut": false,
    "spawnIgloo": false,
    "spawnOceanMonument": false,
    "spawnShipwreck": false,
    "spawnShipwreckBeached": false,
    "spawnBuriedTreasure": false,
    "oceanRuinType": "NONE",
    "spawnNetherBridge": false,
    "spawnNetherFossil": false,
    "spawnBastionRemnant": false,
    "spawnEndCity": false,
    "spawnRuinedPortal": "NONE",
    "defaultFeatures": [
      "Caves",
      "Ores",
      "FrozenTopLayer"
    ],
    "spawnEntries": [
      {
        "entity": {
          "value": "EntityZombie"
        },
        "minGroup": 4,
        "maxGroup": 4,
        "weight": 20,
        "spawnType": "monster"
      }
    ]
  }
}