{
  "_fv": 24,
  "_type": "recipe",
  "definition": {
    "recipeType": "Crafting",
    "xpReward": 0.0,
    "cookingTime": 200,
    "recipeRetstackSize": 1,
    "group": "fireblock",
    "recipeShapeless": false,
    "recipeSlots": [
      {
        "value": "CUSTOM:FireBlock"
      },
      {
        "value": "CUSTOM:Fire"
      },
      {
        "value": ""
      },
      {
        "value": "CUSTOM:Fire"
      },
      {
        "value": "CUSTOM:FireBlock"
      },
      {
        "value": ""
      },
      {
        "value": ""
      },
      {
        "value": ""
      },
      {
        "value": "Items.REDSTONE"
      }
    ],
    "recipeReturnStack": {
      "value": "CUSTOM:FireBlockPortal"
    },
    "name": "fire_block_portal_crafting",
    "namespace": "mod"
  }
}