{
  "_fv": 24,
  "_type": "dimension",
  "definition": {
    "biomesInDimension": [
      {
        "value": "CUSTOM:FireBiome"
      },
      {
        "value": "nether"
      }
    ],
    "worldGenType": "Nether like gen",
    "mainFillerBlock": {
      "value": "Blocks.NETHERRACK"
    },
    "fluidBlock": {
      "value": "CUSTOM:FireGemLiquid"
    },
    "airColor": {
      "value": 2147458975,
      "falpha": 0.0
    },
    "canRespawnHere": false,
    "hasFog": true,
    "isDark": false,
    "doesWaterVaporize": true,
    "sleepResult": "BED_EXPLODES",
    "hasSkyLight": false,
    "imitateOverworldBehaviour": false,
    "portalFrame": {
      "value": "CUSTOM:FireBlockPortal"
    },
    "portalParticles": {
      "value": "EXPLOSION_NORMAL"
    },
    "portalLuminance": 2,
    "portalSound": {
      "value": "block.portal.ambient"
    },
    "igniterName": "Fire Dimention Portal Igniter",
    "igniterTab": {
      "value": "CUSTOM:FireModTab"
    },
    "texture": "firestick",
    "portalTexture": "firegem_moving_liquid",
    "enablePortal": true
  }
}