{
  "_fv": 24,
  "_type": "gui",
  "definition": {
    "type": 0,
    "width": 176,
    "height": 166,
    "inventoryOffsetX": 0,
    "inventoryOffsetY": 0,
    "renderBgLayer": true,
    "doesPauseGame": false,
    "components": [
      {
        "type": "label",
        "data": {
          "text": "Hola Buenas, si encontraste esto, no se como lo hiciste",
          "color": {
            "value": -16777216,
            "falpha": 0.0
          },
          "name": "Hola Buenas, si encontraste esto, no se como lo hiciste",
          "x": 64,
          "y": 79
        }
      }
    ],
    "gridSettings": {
      "sx": 18,
      "sy": 18,
      "ox": 11,
      "oy": 15,
      "snapOnGrid": false
    }
  }
}